Organization,Partner Type,Region,City,Website,Contact Name,Contact Title,Email,Phone,LinkedIn,Asset Focus,Development Focus,Texas Markets,Typical Project Scale,JV Experience,Land Contribution Potential,Capital Contribution Potential,Development Contribution Potential,Facility Contribution Potential,Strategic Fit,CE Relevance,JV Thesis,Source,Source URL,Research Date,Status,Next Action
Partners Development,Industrial developer,DFW,,https://partnersrealestate.com/partners-development/,,,,,Industrial; build-to-suit,Site selection; land acquisition; financing; construction management,"Houston; Austin; San Antonio; DFW; Taylor; Buda; Seguin",Public projects page lists industrial developments and capital raises,Unknown,Unknown,Unknown,Yes,Unknown,High,"Full-cycle industrial and build-to-suit capabilities; has Texas industrial, rail, and logistics development evidence.",Potential land + development partner for a CE modular manufacturing facility.,Official company website,https://partnersrealestate.com/partners-development/,2026-08-20,Prospect,Review project and geographic overlap before qualification
Lovett Industrial,Industrial developer,Houston,Houston,https://lovettindustrial.com/,,,Contactus@lovettindustrial.com,7132121560,https://www.linkedin.com/company/lovett-industrial,Industrial,Investment management; development management; build-to-suit; acquisition,"Houston; Dallas",Public business email and telephone published; Texas industrial project portfolio listed,Unknown,Unknown,Unknown,Yes,Unknown,High,"Houston-headquartered industrial investment, development, and management firm with Texas project and build-to-suit evidence.",Potential industrial development and facility-capital counterparty for a CE manufacturing site.,Official company website,https://lovettindustrial.com/,2026-08-20,Prospect,Review relevant Texas project types and connection path
Titan Development,Industrial developer,Austin,Austin,https://www.titan-development.com/industrial,,,,https://www.linkedin.com/company/titan-development-ltd-,Industrial; manufacturing; warehouse; distribution,Industrial parks; build-to-suit; spec industrial,"Hutto; Georgetown; Lockhart; Selma; New Braunfels",Website states 900+ acres of industrial land across Texas and New Mexico,Unknown,Unknown,Unknown,Yes,Unknown,High,"Publicly states Texas industrial-land control and manufacturer, logistics, distribution, and build-to-suit focus.",Potential Texas industrial-land and build-to-suit partner for CE facility formation.,Official company website,https://www.titan-development.com/industrial,2026-08-20,Prospect,Review active industrial parks for manufacturing-facility relevance
Forterra Developers,Land developer,Austin,Georgetown,https://www.forterradev.com/,,,,https://www.linkedin.com/company/forterra-developers,Land; commercial; industrial hubs,Raw-land acquisition; permitting; land development,"Georgetown; Manor; Texas high-growth regions",Website lists commercial and industrial hubs but published portfolio is primarily residential and mixed-use,Unknown,Unknown,Unknown,Yes,Unknown,Medium,"Land acquisition, planning, permitting, and commercial/industrial-hub capability are publicly described; facility relevance must be qualified.",Potential land-development relationship; requires industrial-facility qualification.,Official company website,https://www.forterradev.com/,2026-08-20,Research,Confirm industrial project and facility fit
HPI,Real estate investment development,Austin,Austin,https://www.hpitx.com/services/commercial-development/,Andy Thomas,Industrial Partner,thomas@hpitx.com,5125380058,https://www.linkedin.com/in/andy-thomas-3211b991/,Commercial; industrial,Site planning; zoning; entitlement; build-to-suit; industrial development,"Austin; Dallas; Fort Worth; San Antonio",Official page describes 10M+ SF industrial development led by its industrial partner,Unknown,Unknown,Unknown,Yes,Unknown,High,"Texas commercial development firm with public industrial-development, financing, and build-to-suit evidence.",Potential development and industrial partnership candidate for a CE facility.,Official company website,https://www.hpitx.com/services/commercial-development/,2026-08-20,Prospect,Review ownership and capital-partner appetite before qualification
Austin Commercial,Facility manufacturing partner,DFW,Dallas,https://www.austin-ind.com/our-company/commercial,Brian Andrews,Executive VP - Operations,bandrews@austin-ind.com,2144435700,https://www.linkedin.com/company/austin-commercial/,Construction; semiconductor; industrial,Pre-construction; construction management; design-build,"Dallas; Austin; Fort Worth; Houston; San Antonio",Official site describes Texas offices and construction-delivery capability,Unknown,Unknown,Unknown,Yes,Yes,Medium,"Potential execution and delivery relationship; does not imply real-estate capital contribution.",Potential facility-delivery partner after capital counterparty and site are defined.,Official company website,https://www.austin-ind.com/our-company/commercial,2026-08-20,Research,Determine whether a strategic delivery relationship is relevant
Texas Economic Development Corporation,Economic development strategic partner,Other Texas,Austin,https://businessintexas.com/,,,,,Economic development,Site selection; business growth; statewide partner network,Statewide,Statewide organization provides economic-development and business-growth resources,Unknown,Unknown,Unknown,Unknown,Unknown,Medium,"Deal-originating and site-selection relationship; not presumed to be a JV capital provider.",Potential strategic source for Texas site-selection and ecosystem referrals.,Official organization website,https://businessintexas.com/,2026-08-20,Prospect,Identify appropriate manufacturing and site-selection resource path
Texas Economic Development & Tourism Office,Economic development strategic partner,Other Texas,Austin,https://gov.texas.gov/business/page/transportation-logistics,,,,https://www.linkedin.com/company/28655937,Transportation; logistics,Economic-development and industry resources,"Statewide; Port Houston; Port Laredo",State overview documents Texas logistics and trade infrastructure; requires separate entity-level sourcing,Unknown,Unknown,Unknown,Unknown,Unknown,Low,"Market-intelligence and ecosystem source that supports port/logistics sourcing; not a direct JV counterparty by default.",Source of logistics-market context and referrals for later partner identification.,Official government website,https://gov.texas.gov/business/page/transportation-logistics,2026-08-20,Prospect,Use as a market-information and referral path
Ironwood Realty Partners,Industrial developer,DFW,Dallas,https://ironwoodrp.com/,,,,https://www.linkedin.com/company/ironwood-realty-partners-llc/,Industrial,Development; leasing; investment; acquisition; property management,"Dallas-Fort Worth; Austin",Website describes 40+ years of DFW industrial real-estate experience and end-to-end execution,Unknown,Unknown,Unknown,Yes,Unknown,High,"DFW-specific industrial development and investment capabilities with publicly evidenced deal structuring through construction.",Potential DFW industrial development and facility formation partner.,Official company website,https://ironwoodrp.com/,2026-08-20,Prospect,Review ownership and industrial project overlap
VanTrust Real Estate,Industrial developer,San Antonio,San Antonio,https://vantrustrealestate.com/,,, ,,,Industrial,Class A industrial development; master-planned industrial,"San Antonio; Texas",Public San Antonio announcement documents two Class A buildings and a 33-acre phase-two acquisition,Unknown,Unknown,Unknown,Yes,Unknown,High,"Evidence of active San Antonio industrial development and additional land capacity.",Potential San Antonio industrial development partner for a CE facility.,Official company announcement,https://vantrustrealestate.com/vantrust-adds-to-growing-texas-portfolio-with-first-industrial-development-in-san-antonio/,2026-08-20,Prospect,Review facility type and development-capital approach
Merit CRE,Industrial developer,San Antonio,San Antonio,https://www.meritcre.com/,Ryan Harrison,Chief Executive Officer,ryan@meritcre.com,2108096000,https://www.linkedin.com/company/merit-cre/,Industrial; logistics; manufacturing,Heavy-industrial; build-to-suit; phased delivery,"San Antonio",Official project page describes 108-acre / 1.08M SF heavy-industrial site with build-to-suit lots,Unknown,Unknown,Unknown,Yes,Unknown,High,"Public heavy-industrial manufacturing/logistics project and business contact provide concrete facility relevance.",Potential build-to-suit industrial facility and development relationship in San Antonio.,Official project website,https://www.meritcre.com/project/innovation-industrial-park,2026-08-20,Prospect,Review site suitability and owner/developer structure
Prologis,Logistics transportation partner,San Antonio,San Antonio,https://www.prologis.com/industrial-properties/united-states/san-antonio-industrial-logistics-and-warehouses,Whitney Williamson,VP Market Officer,,,https://www.linkedin.com/company/prologis,Industrial; logistics,Industrial property operations; build-to-suit; warehouse solutions,"San Antonio",Official location page reports 32 buildings / 4M SF in San Antonio and build-to-suit capabilities,Unknown,Unknown,Unknown,Unknown,Yes,Medium,"Large industrial property operator with a Texas facility footprint; CE/FF-specific JV appetite has not been verified.",Potential facility/operator relationship subject to strategic qualification.,Official company website,https://www.prologis.com/industrial-properties/united-states/san-antonio-industrial-logistics-and-warehouses,2026-08-20,Research,Qualify strategic and JV fit before outreach
