Organization,Partner Type,Region,Website,Source URL,Status
Partners Development,industrial_developer,DFW,https://partnersrealestate.com/,https://partnersrealestate.com/partners-development/,prospect
Lovett Industrial,industrial_developer,Houston,https://lovettindustrial.com/,https://lovettindustrial.com/,prospect
Titan Development,industrial_developer,Austin,https://www.titan-development.com/,https://www.titan-development.com/industrial,prospect
Forterra Developers,landowner_land_developer,Austin,https://www.forterradev.com/,https://www.forterradev.com/,research
HPI,real_estate_investment_development,Austin,https://www.hpitx.com/,https://www.hpitx.com/services/commercial-development/,prospect
Austin Commercial,facility_manufacturing_partner,DFW,https://www.austin-ind.com/,https://www.austin-ind.com/our-company/commercial,research
Ironwood Realty Partners,industrial_developer,DFW,https://ironwoodrp.com/,https://ironwoodrp.com/,prospect
Merit CRE,industrial_developer,San Antonio,https://www.meritcre.com/,https://www.meritcre.com/project/innovation-industrial-park,prospect
Prologis,logistics_transportation_partner,San Antonio,https://www.prologis.com/,https://www.prologis.com/industrial-properties/united-states/san-antonio-industrial-logistics-and-warehouses,research
TexAmericas Center,economic_development_strategic_partner,East Texas,https://www.texamericascenter.com/,https://www.texamericascenter.com/commercial-real-estate-professionals/build-to-suit-and-design-build-services/,prospect
Corpus Christi Regional EDC,economic_development_strategic_partner,Port Houston,https://www.ccredc.com/,https://www.ccredc.com/qualifiedsites,prospect
Heart of Texas Economic Development District,economic_development_strategic_partner,Other Texas,https://www.hotcogtx.gov/,https://www.hotcogtx.gov/hotedd/workforce/site-selection,prospect
Deep East Texas Council of Governments,economic_development_strategic_partner,East Texas,https://www.detcog.gov/,https://www.detcog.gov/economic-development,prospect
Longview Economic Development Corporation,economic_development_strategic_partner,East Texas,https://longviewusa.com/,https://longviewusa.com/,prospect
Paris Economic Development Corporation,landowner_land_developer,East Texas,https://selectparistexas.com/,https://selectparistexas.com/location/200-acres-south-west-industrial-park/,prospect
Cedar Park Economic Development Corporation,economic_development_strategic_partner,Austin,https://cedarparktexasedc.com/,https://cedarparktexasedc.com/,prospect
Texas First Regional Development Corporation,economic_development_strategic_partner,East Texas,https://texasfirstrdc.com/,https://texasfirstrdc.com/,prospect
Texarkana Industrial Development Corporation,economic_development_strategic_partner,East Texas,https://www.texarkanatexas.gov/,https://www.texarkanatexas.gov/464/Industrial-Development-Corporation,prospect
Mohr Capital,real_estate_investment_development,DFW,https://mohrcap.com/,https://mohrcap.com/services/build-to-suit/,prospect
42 Real Estate,real_estate_investment_development,DFW,https://www.42realestate.com/,https://www.42realestate.com/build-to-suit,research
Perot Development Company,industrial_developer,DFW,https://perotdevelopment.com/,https://perotdevelopment.com/,prospect
J. A. Billipp Company,industrial_developer,Houston,https://www.jabillipp.com/,https://www.jabillipp.com/build-to-suit,research
VanTrust Real Estate,industrial_developer,San Antonio,https://vantrustrealestate.com/,https://vantrustrealestate.com/vantrust-acquires-60-acres-begins-design-on-nearly-414000-square-feet-of-spec-industrial-space-in-the-northeast-san-antonio/,prospect
Waller County Economic Development Partnership,economic_development_strategic_partner,Houston,https://wallercounty.org/,https://wallercounty.org/,research
City of El Paso Economic and International Development,economic_development_strategic_partner,El Paso,https://elpasoeid.com/,https://elpasoeid.com/key-industries/advanced-manufacturing,prospect
Texas Manufacturing Assistance Center,economic_development_strategic_partner,Other Texas,https://tmac.org/,https://www.planotexas.org/texas-manufacturing-assistance-center,prospect
City of La Porte Economic Development,economic_development_strategic_partner,Port Houston,https://www.laportetx.gov/,https://www.laportetx.gov/208/Industrial-Districts,prospect
Texas Governor's Office of Economic Development and Tourism,economic_development_strategic_partner,Other Texas,http://governor.state.tx.us/ecodev/,https://www.eda.gov/grant-resources/economic-development-directory/tx,research
Alamo Area Council of Governments,economic_development_strategic_partner,San Antonio,https://www.aacog.com/,https://www.eda.gov/grant-resources/economic-development-directory/tx,research
Brazos Valley Council of Governments,economic_development_strategic_partner,Other Texas,http://www.bvcog.org/,https://www.eda.gov/grant-resources/economic-development-directory/tx,research
Capital Area Economic Development District,economic_development_strategic_partner,Austin,http://www.capcog.org/,https://www.eda.gov/grant-resources/economic-development-directory/tx,research
Coastal Bend Council of Governments,economic_development_strategic_partner,Port Houston,http://www.cbcog98.org/,https://www.eda.gov/grant-resources/economic-development-directory/tx,research
Concho Valley Economic Development District,economic_development_strategic_partner,Other Texas,http://www.cvcogedd.org/CVCOG/Home.aspx,https://www.eda.gov/grant-resources/economic-development-directory/tx,research
Development District of Central Texas,economic_development_strategic_partner,Other Texas,http://www.ddoct.org/,https://www.eda.gov/grant-resources/economic-development-directory/tx,research
East Texas Economic Development District,economic_development_strategic_partner,East Texas,https://www.etedd.org/,https://www.eda.gov/grant-resources/economic-development-directory/tx,research
Golden Crescent Regional Planning Commission,economic_development_strategic_partner,South Texas,http://www.gcrpc.org/,https://www.eda.gov/grant-resources/economic-development-directory/tx,research
Gulf Coast Economic Development District,economic_development_strategic_partner,Houston,https://www.h-gac.com/gulf-coast-economic-development-district/default.aspx,https://www.eda.gov/grant-resources/economic-development-directory/tx,research
Lower Rio Grande Valley Development Council,economic_development_strategic_partner,South Texas,http://www.lrgvdc.org/,https://www.eda.gov/grant-resources/economic-development-directory/tx,research
Middle Rio Grande Development Council,economic_development_strategic_partner,South Texas,http://www.mrgdc.org/,https://www.eda.gov/grant-resources/economic-development-directory/tx,research
North Central Texas Council of Governments,economic_development_strategic_partner,DFW,https://www.nctcog.org/,https://www.eda.gov/grant-resources/economic-development-directory/tx,research
Northeast Texas Economic Development District,economic_development_strategic_partner,East Texas,http://www.atcog.org/EconomicDev.php,https://www.eda.gov/grant-resources/economic-development-directory/tx,research
Nortex Regional Planning Commission,economic_development_strategic_partner,Other Texas,http://www.nortexrpc.org/,https://www.eda.gov/grant-resources/economic-development-directory/tx,research
Panhandle Regional Planning Commission,economic_development_strategic_partner,Other Texas,http://www.prpc.cog.tx.us/,https://www.eda.gov/grant-resources/economic-development-directory/tx,research
Permian Basin Regional Planning Commission,economic_development_strategic_partner,Other Texas,http://www.pbrpc.org/,https://www.eda.gov/grant-resources/economic-development-directory/tx,research
South East Texas Economic Development District,economic_development_strategic_partner,Houston,http://www.setrpc.org/index.php,https://www.eda.gov/grant-resources/economic-development-directory/tx,research
South Plains Association of Governments,economic_development_strategic_partner,Other Texas,http://www.spag.org/,https://www.eda.gov/grant-resources/economic-development-directory/tx,research
South Texas Development Council,economic_development_strategic_partner,South Texas,http://www.stdc.cog.tx.us/,https://www.eda.gov/grant-resources/economic-development-directory/tx,research
Texoma Council of Governments,economic_development_strategic_partner,DFW,http://www.texoma.cog.tx.us/,https://www.eda.gov/grant-resources/economic-development-directory/tx,research
West Central Texas Economic Development District,economic_development_strategic_partner,Other Texas,http://www.wctcog.org/wctcog/,https://www.eda.gov/grant-resources/economic-development-directory/tx,research
Brownsville Community Improvement Corporation,economic_development_strategic_partner,South Texas,https://brownsvilleedc.org/,https://www.eda.gov/grant-resources/economic-development-directory/tx,research
LiftFund Inc,economic_development_strategic_partner,Other Texas,https://www.liftfund.com/,https://www.eda.gov/grant-resources/economic-development-directory/tx,research
PeopleFund Inc,economic_development_strategic_partner,Other Texas,https://www.peoplefund.org/,https://www.eda.gov/grant-resources/economic-development-directory/tx,research
Tyler Economic Development Council,economic_development_strategic_partner,East Texas,https://www.tylertexas.com/,https://www.eda.gov/grant-resources/economic-development-directory/tx,research
Atascosa County Economic Development,economic_development_strategic_partner,San Antonio,https://atascosameansbusiness.com/,https://greatersatx.com/,research
Bexar County Economic and Community Development,economic_development_strategic_partner,San Antonio,https://www.bexar.org/682/Economic-Community-Development,https://greatersatx.com/,research
Live Oak Economic Development Corporation,economic_development_strategic_partner,San Antonio,https://www.liveoaktx.net/departments/economic-development-corporation,https://greatersatx.com/,research
Selma Economic Development,economic_development_strategic_partner,San Antonio,https://www.ci.selma.tx.us/143/Economic-Development,https://greatersatx.com/,research
Universal City Economic Development,economic_development_strategic_partner,San Antonio,https://www.universalcitytexas.gov/441/Economic-Development,https://greatersatx.com/,research
Windcrest Economic Development Corporation,economic_development_strategic_partner,San Antonio,https://windcrest-txedc.com/,https://greatersatx.com/,research
Cibolo Economic Development Corporation,economic_development_strategic_partner,San Antonio,https://www.cibolotx.gov/edc/about/cibolo_economic_development_corporation/index.php,https://greatersatx.com/,research
Schertz Economic Development Corporation,economic_development_strategic_partner,San Antonio,https://schertzedc.com/,https://greatersatx.com/,research
Seguin Economic Development Corporation,economic_development_strategic_partner,San Antonio,https://www.seguinedc.com/,https://greatersatx.com/,research
Boerne Kendall County Economic Development Corporation,economic_development_strategic_partner,San Antonio,https://bkcedc.com/,https://greatersatx.com/,research
Kerr Economic Development Corporation,economic_development_strategic_partner,San Antonio,https://kerredc.com/,https://greatersatx.com/,research
Castroville Economic Development,economic_development_strategic_partner,San Antonio,https://www.castrovilletx.gov/2491/Economic-Development,https://greatersatx.com/,research
Hondo Economic Development Corporation,economic_development_strategic_partner,San Antonio,https://www.hondo-tx.org/244/Economic-Development-EDC,https://greatersatx.com/,research
Medina County Economic Development,economic_development_strategic_partner,San Antonio,https://www.gomedinacounty.com/,https://greatersatx.com/,research
Clear Lake Shores Economic Development Corporation,economic_development_strategic_partner,Houston,https://www.clearlakeshores-tx.gov/191/Economic-Development-Corporation,https://bayareahouston.com/member-cities/,research
City of Deer Park,economic_development_strategic_partner,Houston,https://deerparktx.gov/,https://bayareahouston.com/member-cities/,research
Dickinson Economic Development Corporation,economic_development_strategic_partner,Houston,http://www.dickinsonedc.com,https://bayareahouston.com/member-cities/,research
Friendswood Economic Development Corporation,economic_development_strategic_partner,Houston,https://www.ci.friendswood.tx.us/459/Economic-Development,https://bayareahouston.com/member-cities/,research
Kemah Community Development Corporation,economic_development_strategic_partner,Houston,https://www.kemahtx.gov/155/Kemah-Community-Development-Corporation,https://bayareahouston.com/member-cities/,research
La Marque Economic Development Corporation,economic_development_strategic_partner,Houston,https://www.cityoflamarque.gov/289/Economic-Development-Corporation,https://bayareahouston.com/member-cities/,research
League City Economic Development Corporation,economic_development_strategic_partner,Houston,http://www.leaguecityedc.com/,https://bayareahouston.com/member-cities/,research
Nassau Bay Economic Development Corporation,economic_development_strategic_partner,Houston,https://www.nassaubay.com/185/Economic-Development-Corporation,https://bayareahouston.com/member-cities/,research
Pasadena Economic Development Corporation,economic_development_strategic_partner,Houston,https://www.pasadenaedc.com/,https://bayareahouston.com/member-cities/,research
Santa Fe Economic Development Corporation,economic_development_strategic_partner,Houston,https://www.santafetx.gov/economic/page/santa-fe-edc,https://bayareahouston.com/member-cities/,research
Seabrook Economic Development Corporation,economic_development_strategic_partner,Houston,http://seabrooktx.gov/162/SEDC,https://bayareahouston.com/member-cities/,research
Texas City Economic Development Corporation,economic_development_strategic_partner,Houston,http://www.texascityedc.com,https://bayareahouston.com/member-cities/,research
Webster Economic Development Corporation,economic_development_strategic_partner,Houston,https://cityofwebster.com/353/Economic-Development,https://bayareahouston.com/member-cities/,research
Rice University,economic_development_strategic_partner,Houston,https://www.rice.edu/,https://bayareahouston.com/academic-partners-2/,research
San Jacinto College,economic_development_strategic_partner,Houston,https://www.sanjac.edu/,https://bayareahouston.com/academic-partners-2/,research
University of Houston Clear Lake,economic_development_strategic_partner,Houston,https://www.uhcl.edu/,https://bayareahouston.com/academic-partners-2/,research
University of Houston,economic_development_strategic_partner,Houston,https://www.uh.edu/,https://bayareahouston.com/academic-partners-2/,research
Texas A&M University at Galveston,economic_development_strategic_partner,Houston,https://www.tamug.edu/,https://bayareahouston.com/academic-partners-2/,research
College of the Mainland,economic_development_strategic_partner,Houston,https://www.com.edu/index.html,https://bayareahouston.com/academic-partners-2/,research
Alvin Community College,economic_development_strategic_partner,Houston,https://www.alvincollege.edu/,https://bayareahouston.com/academic-partners-2/,research
Fort Worth Economic Development Partnership,economic_development_strategic_partner,DFW,https://fortworthedp.com/,https://fortworthedp.com/,research
City of Dallas Office of Economic Development,economic_development_strategic_partner,DFW,https://www.dallasecodev.org/,https://www.dallasecodev.org/,research
Greater Houston Partnership,economic_development_strategic_partner,Houston,https://houston.org/,https://houston.org/,research
Bay Area Houston Economic Partnership,economic_development_strategic_partner,Houston,https://bayareahouston.com/,https://bayareahouston.com/,research
Partnership Lake Houston,economic_development_strategic_partner,Houston,https://lakehouston.org/,https://lakehouston.org/,research
City of Houston Mayor's Office of Economic Development,economic_development_strategic_partner,Houston,https://www.houstontx.gov/ecodev/,https://www.houstontx.gov/ecodev/,research
Opportunity Austin,economic_development_strategic_partner,Austin,https://opportunityaustin.com/,https://opportunityaustin.com/economic-development/,research
City of Austin Economic Development,economic_development_strategic_partner,Austin,https://www.austintexas.gov/economic-development,https://www.austintexas.gov/economic-development,research
Texas Economic Development Corporation,economic_development_strategic_partner,Other Texas,https://businessintexas.com/,https://businessintexas.com/,research
Texas Economic Development and Tourism Office,economic_development_strategic_partner,Other Texas,https://gov.texas.gov/business,https://gov.texas.gov/business/page/transportation-logistics,research
City of Fort Worth Economic Development,economic_development_strategic_partner,DFW,https://www.fortworthtexas.gov/departments/econdev,https://www.fortworthtexas.gov/departments/econdev,research
Central Houston,economic_development_strategic_partner,Houston,https://www.centralhouston.org/,https://www.houstontx.gov/ecodev/,research
Harris County Economic Development,economic_development_strategic_partner,Houston,https://hcoed.harriscountytx.gov/,https://www.houstontx.gov/ecodev/,research
